{"update_time":"2024-12-24 12:36:55.420965","data":{"esgChart":{"result":[{"peerGroup":"Auto Components","symbolSeries":{"timestamp":[1733011200],"esgScore":[18.92],"governanceScore":[0.0],"environmentScore":[0.0],"socialScore":[0.0]},"peerSeries":{"timestamp":[1733011200],"esgScore":[18.906551724137923],"governanceScore":[5.6999999999999975],"environmentScore":[4.435999999999999],"socialScore":[5.8845714285714275]}}],"error":null}}}