{"update_time":"2024-12-24 13:40:32.420967","data":{"esgChart":{"result":[{"peerGroup":"Auto Components","symbolSeries":{"timestamp":[1727740800,1730419200,1733011200],"esgScore":[15.86,15.86,24.24],"governanceScore":[0.0,0.0,0.0],"environmentScore":[0.0,0.0,0.0],"socialScore":[0.0,0.0,0.0]},"peerSeries":{"timestamp":[1727740800,1730419200,1733011200],"esgScore":[17.445333333333334,16.850116279069763,18.906551724137923],"governanceScore":[7.44,5.755588235294116,5.6999999999999975],"environmentScore":[4.695,4.439117647058823,4.435999999999999],"socialScore":[5.470000000000001,5.920588235294117,5.8845714285714275]}}],"error":null}}}